ts,load1,mem_used_kb,swap_used_kb,backend_cpu,backend_mem,worker_cpu,worker_mem,redis_mem,caddy_mem
1791056581,0.83,2523380,0,52.45%,399.3MiB,0.05%,392.9MiB,3.75MiB,23.52MiB
1791056587,0.92,2533924,0,0.61%,399.3MiB,0.10%,392.9MiB,3.738MiB,23.52MiB
1791056594,0.85,2526416,0,0.51%,399.3MiB,0.09%,392.9MiB,3.738MiB,23.52MiB
1791056600,0.80,2515948,0,0.44%,399.3MiB,0.22%,392.9MiB,3.719MiB,23.52MiB
1791056606,0.73,2521712,0,3.28%,399.3MiB,0.18%,392.9MiB,3.719MiB,23.53MiB
1791056613,0.67,2533064,0,179.36%,412.9MiB,0.54%,392.9MiB,3.73MiB,23.86MiB
1791056619,0.86,2539288,0,50.68%,404.8MiB,0.04%,392.9MiB,3.734MiB,25.7MiB
1791056626,1.40,2553976,0,1.42%,406.2MiB,0.22%,392.9MiB,3.734MiB,27.85MiB
1791056632,1.45,2560828,0,158.99%,408.6MiB,0.26%,392.9MiB,3.734MiB,28.31MiB
1791056639,2.05,2562396,0,160.69%,410.1MiB,1.14%,392.9MiB,3.734MiB,30.07MiB
1791056645,2.21,2568904,0,157.62%,410.8MiB,0.06%,392.9MiB,3.738MiB,27.2MiB
1791056652,2.67,2551044,0,164.17%,409.9MiB,0.24%,392.9MiB,3.738MiB,26.38MiB
1791056658,2.86,2551300,0,162.02%,409.8MiB,0.26%,392.9MiB,3.738MiB,27.09MiB
1791056665,3.54,2563348,0,199.31%,423.1MiB,0.07%,392.9MiB,3.738MiB,27.47MiB
1791056672,3.98,2568508,0,90.50%,410.3MiB,0.41%,392.9MiB,3.742MiB,29.36MiB
1791056678,3.82,2569032,0,145.00%,411MiB,0.28%,392.9MiB,3.742MiB,27MiB
1791056685,3.94,2567548,0,148.32%,411.2MiB,0.04%,392.9MiB,3.742MiB,27.04MiB
1791056692,3.94,2560824,0,171.32%,411.6MiB,0.08%,392.9MiB,3.738MiB,27.67MiB
1791056699,4.19,2568240,0,176.20%,422.9MiB,0.37%,392.9MiB,3.988MiB,29MiB
1791056705,5.16,2579176,0,0.92%,412.1MiB,0.04%,392.9MiB,3.738MiB,28.82MiB
1791056712,4.91,2564856,0,0.58%,412.1MiB,0.04%,392.9MiB,3.738MiB,28.73MiB
1791056718,4.52,2559560,0,0.63%,412.1MiB,0.08%,392.9MiB,3.988MiB,28.73MiB
1791056724,4.16,2572312,0,0.80%,412.1MiB,0.25%,392.9MiB,3.738MiB,28.73MiB
1791056731,3.52,2569520,0,0.91%,412.4MiB,0.26%,392.9MiB,3.738MiB,28.72MiB
1791056737,3.23,2575104,0,2.59%,412.1MiB,0.19%,392.9MiB,3.738MiB,28.56MiB
1791056743,3.22,2566340,0,1.93%,412.1MiB,0.09%,392.9MiB,3.738MiB,28.56MiB
1791056750,2.96,2558904,0,0.69%,412.1MiB,0.07%,392.9MiB,3.738MiB,28.56MiB
1791056756,2.66,2577432,0,0.59%,412.1MiB,0.24%,392.9MiB,3.738MiB,28.55MiB
1791056762,2.44,2562484,0,38.11%,422.7MiB,0.04%,392.9MiB,3.738MiB,28.55MiB
1791056768,2.25,2570640,0,0.63%,410.8MiB,0.25%,392.9MiB,3.738MiB,28.55MiB
1791056775,1.97,2565696,0,0.55%,410.8MiB,0.26%,392.9MiB,3.738MiB,28.55MiB
1791056781,2.14,2552584,0,0.66%,410.8MiB,0.17%,392.9MiB,3.738MiB,28.55MiB
1791056787,2.13,2561268,0,0.66%,410.8MiB,0.10%,392.9MiB,3.738MiB,28.55MiB
