ts,load1,mem_used_kb,swap_used_kb,disk_used_kb,redis_mem_kb,celery_qlen,backend_cpu,backend_mem_kb,worker_cpu,worker_mem_kb,db_conns,db_select_ms,plans_ms,ready_ms
1791058112,0.37,2563964,0,31306036,1830536,0,0.44%,409.2MiB,0.19%,392.9MiB,24,1127.7,0.363735,0.451805
1791058124,0.39,2563612,0,31306036,1830792,0,36.42%,420.9MiB,0.24%,392.9MiB,,,0.371122,0.414225
1791058132,0.48,2530920,0,31306040,1830920,0,4.77%,409.2MiB,0.10%,392.9MiB,,,0.329329,0.394027
1791058140,0.41,2547520,0,31307116,1934168,0,35.77%,411.4MiB,0.10%,392.9MiB,,,0.391426,0.427131
1791058149,0.46,2546436,0,31307448,1913696,0,46.13%,410.2MiB,0.28%,392.9MiB,,,0.364976,0.413301
1791058157,0.39,2540132,0,31307776,1934168,0,38.32%,410.1MiB,0.28%,392.9MiB,,,0.337184,0.488645
1791058166,0.47,2546172,0,31308144,1893224,0,38.27%,410.1MiB,0.43%,392.9MiB,28,1095.0,0.401466,0.869848
1791058179,0.92,2561880,0,31308672,1913696,0,31.97%,408.7MiB,0.24%,392.9MiB,,,0.360324,0.414959
1791058188,0.78,2553296,0,31309016,1913696,0,33.78%,408.5MiB,0.29%,392.9MiB,,,0.375027,0.483590
1791058196,0.73,2557392,0,31309336,1893224,0,28.67%,408.6MiB,0.15%,392.9MiB,,,0.619458,0.473441
1791058205,0.83,2558124,0,31309680,1893224,0,30.08%,408.5MiB,0.05%,392.9MiB,,,0.366783,0.420828
1791058213,1.00,2559240,0,31310040,1913944,0,47.62%,408.6MiB,0.19%,392.9MiB,,,0.335970,0.419178
1791058222,0.93,2558376,0,31310376,1914200,0,31.16%,408.6MiB,0.24%,392.9MiB,28,1190.8,0.407218,0.577916
1791058235,1.34,2553088,0,31310908,1914200,0,23.75%,408.6MiB,0.10%,392.9MiB,,,0.713275,0.444182
1791058244,1.50,2555416,0,31311256,1934672,0,43.36%,408.5MiB,0.21%,392.9MiB,,,0.365892,0.424982
1791058252,1.75,2546596,0,31311604,1934672,0,41.01%,408.6MiB,0.09%,392.9MiB,,,0.365394,0.507489
1791058261,2.36,2554872,0,31311952,1934672,0,40.62%,408.7MiB,0.11%,392.9MiB,,,0.449625,0.501578
1791058270,2.25,2546164,0,31312292,1893728,0,41.58%,408.6MiB,0.28%,392.9MiB,,,0.336763,0.538337
1791058278,2.05,2551976,0,31312604,1892976,0,48.60%,408.7MiB,0.25%,392.9MiB,28,1166.6,0.381917,0.421477
1791058291,1.60,2570420,0,31313108,1914200,0,36.71%,408.6MiB,0.24%,392.9MiB,,,0.365614,0.480837
1791058300,1.47,2565624,0,31313444,1893728,0,30.82%,408.7MiB,0.23%,392.9MiB,,,0.366872,0.397124
1791058308,1.64,2553520,0,31313788,1893728,0,29.95%,408.5MiB,0.22%,392.9MiB,,,0.459795,0.431220
1791058317,1.55,2549624,0,31314136,1914200,0,34.98%,408.6MiB,0.06%,392.9MiB,,,0.442734,0.484748
1791058325,1.31,2545620,0,31314496,1914736,0,38.36%,408.6MiB,0.30%,392.9MiB,,,0.340190,0.456006
1791058334,1.52,2554788,0,31314824,1894264,0,36.04%,408.6MiB,0.25%,392.9MiB,28,1179.9,0.351703,0.496666
1791058347,1.48,2544132,0,31315348,1914736,0,73.15%,408.6MiB,0.05%,392.9MiB,,,0.403538,0.507576
1791058355,1.25,2562208,0,31315696,1914736,0,43.56%,408.6MiB,0.07%,392.9MiB,,,0.356699,0.411484
1791058364,1.15,2546308,0,31316036,1894264,0,37.35%,408.5MiB,0.20%,392.9MiB,,,0.376863,0.412718
1791058372,0.97,2554180,0,31316372,1914736,0,33.34%,408.7MiB,0.30%,392.9MiB,,,0.374825,0.572389
1791058381,0.99,2546488,0,31316720,1914736,0,40.48%,408.7MiB,0.10%,392.9MiB,,,0.362493,0.436363
1791058389,0.91,2555752,0,31317064,1914736,0,34.59%,408.6MiB,0.09%,392.9MiB,28,1146.4,0.353916,0.453935
1791058402,1.50,2559144,0,31317596,1934952,0,37.64%,408.6MiB,0.27%,392.9MiB,,,0.380792,0.463884
1791058411,1.27,2562828,0,31317952,1914480,0,44.14%,408.8MiB,0.14%,392.9MiB,,,0.356577,0.477044
1791058419,1.17,2561792,0,31318304,1934760,0,42.30%,408.7MiB,0.24%,392.9MiB,,,0.380111,0.428905
1791058428,1.21,2556468,0,31318624,1893816,0,47.73%,408.9MiB,0.20%,392.9MiB,,,0.377127,0.463115
1791058437,1.17,2556424,0,31318992,1893816,0,45.51%,408.6MiB,0.39%,392.9MiB,,,0.424486,0.726843
1791058446,1.06,2546524,0,31319348,1914288,0,44.39%,408.6MiB,0.27%,392.9MiB,28,1107.4,0.328322,0.453589
1791058459,1.41,2563152,0,31319844,1914288,0,41.49%,408.6MiB,0.36%,392.9MiB,,,0.493698,0.507666
1791058467,1.43,2550916,0,31320184,1914288,0,33.59%,408.6MiB,0.07%,392.9MiB,,,0.355217,0.423979
1791058476,1.36,2564052,0,31320400,1914288,0,2.73%,410.5MiB,0.16%,392.9MiB,,,2.817026,0.535694
1791058487,1.15,2555216,0,31320820,1934760,0,33.72%,414.2MiB,0.23%,392.9MiB,,,0.415294,0.489510
1791058495,1.12,2564440,0,31321172,1914288,0,38.75%,408.9MiB,0.08%,392.9MiB,,,0.367045,0.523395
1791058504,1.03,2557164,0,31321492,1893816,0,89.46%,408.9MiB,0.25%,392.9MiB,28,1079.7,0.351008,0.451983
1791058517,0.88,2582816,0,31321996,1893816,0,58.27%,409MiB,0.05%,392.9MiB,,,0.362485,0.454524
1791058526,0.82,2560104,0,31322356,1914544,0,48.39%,409.1MiB,0.36%,392.9MiB,,,0.350513,0.455996
1791058535,0.75,2553208,0,31322692,1894072,0,46.52%,413.7MiB,0.30%,392.9MiB,,,0.378363,0.476699
1791058543,0.79,2559836,0,31323008,1873600,0,29.42%,409.2MiB,0.07%,392.9MiB,,,0.387982,0.830406
1791058552,0.66,2551632,0,31323328,1935016,0,73.37%,409MiB,0.44%,392.9MiB,,,0.373744,0.727175
1791058561,0.56,2552212,0,31323680,1873472,0,28.86%,408.9MiB,0.09%,392.9MiB,28,1162.7,0.375280,0.784432
1791058574,0.94,2565516,0,31324216,1893368,0,38.64%,408.9MiB,0.32%,392.9MiB,,,0.335309,0.784893
1791058583,1.17,2557264,0,31324664,1893368,0,126.66%,421.8MiB,0.28%,392.9MiB,,,0.425067,0.489197
1791058592,1.43,2558340,0,31325040,1913840,0,29.54%,408.9MiB,0.09%,392.9MiB,,,0.423070,0.725386
1791058601,1.45,2561628,0,31325424,1934312,0,36.45%,409MiB,0.34%,392.9MiB,,,0.349459,0.447249
1791058609,1.33,2564404,0,31325792,1893368,0,41.44%,408.8MiB,0.10%,392.9MiB,,,0.312232,0.540291
1791058618,1.29,2556612,0,31326168,1914096,0,44.69%,408.8MiB,0.08%,392.9MiB,28,68707.8,0.402835,0.479535
1791058698,1.89,2556636,0,31329512,1893624,0,29.58%,409MiB,0.13%,392.9MiB,,,0.414061,0.440587
1791058707,1.90,2549480,0,31329864,1914096,0,34.94%,408.9MiB,0.26%,392.9MiB,,,0.386999,0.464079
1791058715,1.77,2549340,0,31330228,1934568,0,45.29%,408.9MiB,0.25%,392.9MiB,,,0.332821,0.487428
1791058724,1.95,2557716,0,31330580,1893880,0,33.16%,408.8MiB,0.19%,392.9MiB,,,0.358297,0.770391
1791058732,2.53,2551476,0,31331012,1914352,0,40.14%,409.1MiB,0.30%,392.9MiB,,,0.366828,0.512253
1791058741,3.29,2556948,0,31331356,1914352,0,89.48%,420.2MiB,0.31%,392.9MiB,28,1110.0,0.343695,0.462470
1791058754,3.08,2568216,0,31331888,1873408,0,40.15%,408.7MiB,0.07%,392.9MiB,,,0.685837,0.493848
1791058763,2.92,2558204,0,31332256,1914352,0,38.43%,408.8MiB,0.28%,392.9MiB,,,0.393364,0.470527
1791058771,2.47,2554864,0,31332616,1914352,0,40.44%,408.7MiB,0.05%,392.9MiB,,,0.376166,0.531401
1791058780,2.84,2554940,0,31332976,1893880,0,47.04%,408.8MiB,0.05%,392.9MiB,,,0.368123,0.450900
1791058788,3.30,2549464,0,31333348,1914352,0,42.36%,408.6MiB,0.04%,392.9MiB,,,0.446164,0.534225
1791058797,3.95,2560836,0,31333720,1914352,0,49.14%,408.8MiB,0.18%,392.9MiB,28,1057.5,0.374979,0.410427
1791058810,3.79,2565244,0,31334308,1914352,0,37.17%,409.1MiB,0.05%,392.9MiB,,,0.355799,0.440064
1791058819,3.49,2560904,0,31334656,1914480,0,35.32%,408.8MiB,0.24%,392.9MiB,,,0.336218,0.522028
1791058827,3.39,2558428,0,31335020,1894008,0,52.93%,408.9MiB,0.31%,392.9MiB,,,0.306678,0.413588
1791058836,3.39,2555132,0,31335364,1914480,0,50.96%,409MiB,0.26%,392.9MiB,,,0.329384,0.438187
1791058844,3.28,2557720,0,31335696,1913728,0,26.54%,409MiB,0.05%,392.9MiB,,,0.386651,0.510677
1791058853,2.93,2556248,0,31336016,1894008,0,103.77%,408.8MiB,0.47%,392.9MiB,28,1205.7,0.411207,0.514193
1791058866,2.35,2567280,0,31336512,1893864,0,32.65%,409.1MiB,0.40%,392.9MiB,,,0.355775,0.403154
1791058874,2.24,2558916,0,31336844,1893864,0,34.46%,409MiB,0.04%,392.9MiB,,,0.356393,0.534326
1791058883,1.97,2557260,0,31337188,1893864,0,41.14%,408.9MiB,0.34%,392.9MiB,,,0.414850,0.525875
1791058892,1.75,2548932,0,31337544,1893864,0,43.96%,409MiB,0.24%,392.9MiB,,,0.547793,0.515793
1791058900,1.70,2558092,0,31337912,1893864,0,103.38%,409.2MiB,0.07%,392.9MiB,,,0.331310,0.456276
1791058909,1.56,2559632,0,31338268,1914336,0,23.99%,412.5MiB,0.07%,392.9MiB,28,69273.0,0.370974,0.469181
1791058990,1.10,2560424,0,31341876,1914464,0,29.15%,412.6MiB,0.39%,392.9MiB,,,0.336334,0.482494
1791058998,1.08,2566480,0,31342208,1914464,0,29.29%,412.6MiB,0.27%,392.9MiB,,,0.440411,0.424476
1791059007,0.99,2561076,0,31342544,1914464,0,44.85%,412.6MiB,0.07%,392.9MiB,,,0.384000,0.464740
1791059015,0.84,2557236,0,31342884,1893848,0,32.71%,412.7MiB,0.42%,392.9MiB,,,0.372785,0.404812
1791059024,1.01,2560180,0,31343236,1914576,0,31.52%,412.6MiB,0.27%,392.9MiB,,,0.361994,0.485933
1791059032,0.94,2557720,0,31343780,1894104,0,42.46%,412.8MiB,0.05%,392.9MiB,28,1084.6,0.695608,0.585341
1791059046,1.01,2567756,0,31344336,1894104,0,40.17%,413MiB,0.25%,392.9MiB,,,0.389861,0.403283
1791059054,1.09,2558660,0,31344692,1894104,0,35.32%,412.7MiB,0.17%,392.9MiB,,,0.369421,0.484265
1791059063,0.92,2558124,0,31345048,1894104,0,34.21%,412.6MiB,0.05%,392.9MiB,,,0.441379,0.460713
1791059071,0.78,2561308,0,31345400,1894104,0,38.99%,412.5MiB,0.08%,392.9MiB,,,0.362273,0.431040
1791059080,1.04,2573276,0,31345764,1914448,0,38.76%,412.6MiB,0.22%,392.9MiB,,,0.293272,0.445345
1791059088,2.08,2557880,0,31346120,1914448,0,34.57%,412.5MiB,0.24%,392.9MiB,28,928.6,0.329350,0.470090
1791059102,1.77,2575664,0,31346672,1934920,0,46.09%,412.7MiB,0.31%,392.9MiB,,,0.340265,0.424303
1791059110,1.87,2563056,0,31347032,1893976,0,47.12%,412.6MiB,0.34%,392.9MiB,,,0.352202,0.406209
1791059119,1.80,2558684,0,31347396,1955648,0,28.56%,412.6MiB,0.24%,392.9MiB,,,0.461558,0.636574
1791059127,1.99,2563340,0,31347764,1914560,0,34.55%,412.8MiB,0.24%,392.9MiB,,,0.585137,0.425713
1791059136,2.00,2573068,0,31348152,1914560,0,38.77%,416.3MiB,0.32%,392.9MiB,,,0.379226,0.643320
1791059145,2.62,2570772,0,31348540,1914560,0,18.96%,416.6MiB,0.06%,392.9MiB,,,0.302199,0.412120
1791059165,2.45,2574304,0,31349476,1914560,0,35.84%,416.7MiB,0.32%,392.9MiB,,,0.328220,0.399121
1791059173,2.61,2574948,0,31349892,1914560,0,30.82%,416.5MiB,0.19%,392.9MiB,,,0.327585,0.429101
1791059182,2.21,2570736,0,31350248,1873616,0,19.59%,416.4MiB,0.26%,392.9MiB,,,0.304054,0.383376
1791059190,2.03,2573452,0,31350496,1935032,0,44.83%,417.3MiB,0.19%,392.9MiB,,,0.338827,0.561964
1791059199,2.02,2565604,0,31350868,1894088,0,42.17%,416.5MiB,0.04%,392.9MiB,,,0.325268,0.750382
1791059208,2.02,2565304,0,31351236,1894088,0,27.71%,416.6MiB,0.32%,392.9MiB,28,1377.9,0.440181,0.496816
1791059221,1.89,2573256,0,31351748,1894344,0,30.51%,416.6MiB,0.27%,392.9MiB,,,0.294947,0.434879
1791059229,1.82,2566660,0,31352152,1914816,0,41.72%,416.6MiB,0.09%,392.9MiB,,,0.324313,0.456953
1791059238,1.77,2571940,0,31352460,1914816,0,20.81%,416.6MiB,0.19%,392.9MiB,,,0.334807,0.449288
1791059247,1.49,2563160,0,31352768,1914816,0,31.76%,416.7MiB,0.30%,392.9MiB,,,0.358813,0.409546
1791059255,1.78,2564164,0,31353084,1894344,0,36.20%,416.6MiB,0.05%,392.9MiB,,,0.346867,0.554727
1791059264,1.64,2579072,0,31353416,1914816,0,75.56%,427.5MiB,0.04%,392.9MiB,28,1017.7,0.357717,0.449456
1791059277,1.94,2565500,0,31353944,1914816,0,34.78%,416.5MiB,0.49%,392.9MiB,,,0.500753,0.837425
1791059286,1.79,2568444,0,31354296,1894216,0,41.55%,416.6MiB,0.20%,392.9MiB,,,0.347476,0.408596
1791059294,1.73,2566196,0,31354652,1914688,0,42.59%,416.6MiB,0.26%,392.9MiB,,,0.355884,0.430771
1791059303,1.86,2567576,0,31355020,1894216,0,44.35%,416.6MiB,0.26%,392.9MiB,,,0.409894,0.418731
1791059312,1.58,2567792,0,31355392,1935160,0,74.37%,427.2MiB,0.11%,392.9MiB,,,0.328655,0.490721
1791059320,2.17,2572692,0,31355760,1955888,0,33.31%,416.5MiB,0.26%,392.9MiB,28,986.9,0.421679,0.445833
1791059333,2.29,2582836,0,31356320,1914800,0,39.58%,416.5MiB,0.05%,392.9MiB,,,0.331913,0.443801
1791059342,2.82,2566172,0,31356672,1914800,0,44.87%,416.6MiB,0.31%,392.9MiB,,,0.313805,0.428391
1791059350,2.83,2566204,0,31357032,1935272,0,31.83%,416.6MiB,0.42%,392.9MiB,,,0.342532,0.484387
1791059359,2.60,2563500,0,31357396,1935272,0,34.98%,416.4MiB,0.31%,392.9MiB,,,0.347457,0.537343
1791059367,2.52,2564924,0,31357836,1894328,0,45.76%,416.6MiB,0.04%,392.9MiB,,,0.343054,0.497385
1791059376,2.29,2556736,0,31358204,1935272,0,125.93%,416.4MiB,0.44%,392.9MiB,28,981.1,0.352592,0.433638
1791059389,2.62,2562784,0,31358752,1894328,0,29.92%,416.2MiB,0.42%,392.9MiB,,,0.384023,0.443241
1791059398,2.36,2563448,0,31359116,1894200,0,33.71%,416.3MiB,0.27%,392.9MiB,,,0.401532,0.489460
1791059406,2.32,2559272,0,31359492,1894200,0,34.82%,416.5MiB,0.36%,392.9MiB,,,0.322360,0.499760
1791059415,2.61,2565852,0,31359852,1873728,0,31.03%,416.2MiB,0.31%,392.9MiB,,,0.376305,0.544865
1791059423,2.28,2564708,0,31360224,1894456,0,81.25%,428MiB,0.40%,392.9MiB,,,0.470909,0.495519
1791059432,1.93,2568856,0,31360576,1914784,0,31.41%,416.3MiB,0.05%,392.9MiB,28,1188.4,0.404347,0.520451
1791059445,1.79,2579564,0,31361112,1894312,0,37.07%,416.3MiB,0.20%,392.9MiB,,,0.398540,0.435406
1791059454,1.67,2559312,0,31361476,1935256,0,41.81%,416.3MiB,0.05%,392.9MiB,,,0.489420,0.547071
1791059462,1.41,2569092,0,31361828,1914784,0,47.22%,416.4MiB,0.29%,392.9MiB,,,0.414250,0.510168
1791059471,2.02,2569948,0,31362180,1914784,0,62.64%,427.4MiB,0.25%,392.9MiB,,,0.412918,0.524051
1791059480,2.10,2562884,0,31362552,1914784,0,43.97%,416.4MiB,0.05%,392.9MiB,,,10.006896,10.004558
1791059507,1.57,2570272,0,31363244,1853368,0,19.40%,418MiB,0.18%,392.9MiB,,,0.416942,0.442890
1791059519,1.81,2581848,0,31364208,1893816,0,17.74%,417.4MiB,0.35%,392.9MiB,,,0.354639,0.532232
1791059528,1.85,2577284,0,31365428,1915040,0,42.58%,417.4MiB,0.27%,392.9MiB,,,0.397061,0.493618
1791059538,1.64,2562848,0,31365832,1935512,0,40.22%,416.3MiB,0.05%,392.9MiB,,,0.364379,0.450013
1791059546,1.39,2559536,0,31366208,1894568,0,36.38%,416.4MiB,0.20%,392.9MiB,,,0.406009,0.541619
1791059555,1.33,2569720,0,31366568,1894568,0,40.87%,416.5MiB,0.19%,392.9MiB,,,0.375597,0.460682
1791059564,1.62,2576284,0,31366928,1894568,0,44.57%,416.6MiB,0.06%,392.9MiB,28,1160.0,0.332544,0.443537
1791059578,1.54,2576296,0,31367480,1894568,0,49.08%,416.5MiB,0.07%,392.9MiB,,,0.386265,0.484627
1791059586,1.37,2570276,0,31367828,1894568,0,45.30%,416.5MiB,0.17%,392.9MiB,,,0.381064,0.482545
1791059595,1.26,2566368,0,31368172,1894568,0,41.70%,416.6MiB,0.23%,392.9MiB,,,0.383859,0.731757
1791059604,1.61,2573260,0,31368528,1915040,0,33.84%,416.6MiB,0.21%,392.9MiB,,,0.424189,0.481310
1791059612,1.36,2563692,0,31368884,1915040,0,47.45%,416.5MiB,0.05%,392.9MiB,,,0.398382,0.527899
1791059621,1.15,2568208,0,31369252,1894824,0,37.23%,416.5MiB,0.32%,392.9MiB,28,1070.3,0.374499,0.589452
1791059635,1.36,2583528,0,31369824,1914544,0,34.23%,416.3MiB,0.05%,392.9MiB,,,0.315690,0.832258
1791059643,1.91,2559764,0,31370404,1915296,0,50.22%,416.4MiB,0.27%,392.9MiB,,,0.375990,0.466112
1791059652,1.91,2572768,0,31370784,1915296,0,20.25%,416.5MiB,0.35%,392.9MiB,,,8.077763,0.456601
1791059668,1.56,2562396,0,31372184,1874352,0,39.07%,417.6MiB,0.22%,392.9MiB,,,0.337993,0.564569
1791059677,1.55,2567296,0,31372544,1915296,0,51.46%,424.3MiB,0.17%,392.9MiB,,,0.383384,0.490567
1791059685,1.43,2566324,0,31372904,1915296,0,38.13%,416MiB,0.21%,392.9MiB,28,1075.2,0.346130,0.478876
1791059698,2.02,2566508,0,31373440,1915296,0,53.42%,416.2MiB,0.41%,392.9MiB,,,0.360987,0.482227
1791059707,1.86,2563536,0,31373792,1894824,0,49.66%,416.1MiB,0.15%,392.9MiB,,,0.371827,0.485026
1791059715,1.79,2566088,0,31374168,1914544,0,40.46%,416.1MiB,0.41%,392.9MiB,,,0.763836,0.490763
1791059724,1.75,2563408,0,31374556,1915552,0,36.66%,418.3MiB,0.26%,392.9MiB,,,0.393465,0.595372
1791059733,1.95,2565140,0,31374908,1895080,0,40.23%,416MiB,0.07%,392.9MiB,,,0.395789,0.457577
1791059741,1.65,2570756,0,31375156,1895080,0,35.32%,417.8MiB,0.25%,392.9MiB,28,1049.4,0.379283,0.399885
1791059754,1.47,2574328,0,31375548,1894200,0,54.38%,417MiB,0.05%,392.9MiB,,,0.637738,0.432385
1791059763,1.24,2560216,0,31375912,1915424,0,45.84%,416.3MiB,0.25%,392.9MiB,,,0.327354,0.495895
1791059772,1.12,2580056,0,31376268,1894072,0,63.17%,424.6MiB,0.23%,392.9MiB,,,0.623621,0.474351
1791059780,0.95,2563864,0,31376684,1914544,0,36.29%,416.3MiB,0.05%,392.9MiB,,,0.386036,0.437804
1791059789,0.87,2573084,0,31377048,1914544,0,54.82%,416.3MiB,0.06%,392.9MiB,,,0.817154,0.514206
1791059798,0.97,2567224,0,31377408,1894072,0,12.68%,417.2MiB,0.34%,392.9MiB,28,4691.7,0.760382,0.519976
1791059814,0.91,2565060,0,31378516,1894072,0,35.85%,417.4MiB,0.05%,392.9MiB,,,0.442037,0.800501
1791059823,0.77,2561616,0,31378856,1894328,0,5.09%,417.6MiB,0.21%,392.9MiB,,,5.966407,10.000468
1791059847,0.58,2562428,0,31379768,1894328,0,12.76%,417.5MiB,0.14%,392.9MiB,,,0.364337,0.495424
1791059855,0.62,2572520,0,31379964,1873856,0,11.54%,417.5MiB,0.05%,392.9MiB,,,0.305639,0.425990
1791059863,0.67,2570360,0,31380256,1955744,0,26.24%,417.4MiB,0.06%,392.9MiB,,,0.309247,0.393194
1791059872,0.73,2561412,0,31380576,1894328,0,41.49%,416.4MiB,0.24%,392.9MiB,28,1150.1,0.359544,0.783343
1791059885,0.69,2576804,0,31381072,1894328,0,50.47%,416.9MiB,0.07%,392.9MiB,,,0.376311,0.430007
1791059893,1.03,2564260,0,31381456,1894328,0,58.75%,416.4MiB,0.29%,392.9MiB,,,0.347558,0.425503
1791059902,1.11,2557196,0,31381976,1935272,0,51.47%,416.2MiB,0.31%,392.9MiB,,,0.347939,0.707172
1791059911,0.94,2565616,0,31382348,1894328,0,43.45%,416.2MiB,0.07%,392.9MiB,,,0.339311,0.410940
1791059919,0.86,2563868,0,31382716,1956000,0,50.41%,416.4MiB,0.04%,392.9MiB,,,0.356593,0.419610
1791059928,0.81,2564552,0,31383076,1934776,0,35.33%,416.1MiB,0.06%,392.9MiB,28,1026.8,0.369377,0.424324
1791059942,1.54,2578164,0,31383492,1833168,0,0.59%,416.2MiB,0.64%,392.9MiB,,,0.361582,0.383223
1791059950,1.42,2570996,0,31383492,1853640,0,0.52%,416.1MiB,0.21%,392.9MiB,,,0.385797,0.566224
1791059959,1.50,2566664,0,31383496,1833168,0,0.51%,415.9MiB,0.15%,392.9MiB,,,0.346130,0.470672
1791059967,1.27,2574448,0,31383496,1833168,0,0.60%,415.9MiB,0.14%,392.9MiB,,,0.326506,0.368896
1791059975,1.54,2569320,0,31383500,1853640,0,0.53%,415.9MiB,0.12%,392.9MiB,,,0.413980,0.454568
1791059984,1.50,2571928,0,31383500,1833168,0,0.43%,415.5MiB,0.04%,392.9MiB,28,1045.6,0.309221,0.393338
